{"cameraMode":{"drawMode":0,"name":"Shaded","section":"Shading Mode"},"sceneLighting":true,"audioPlay":false,"sceneViewState":{"showFog":false,"showMaterialUpdate":false,"showSkybox":false,"showFlares":false,"showImageEffects":false,"showParticleSystems":false},"in2DMode":false,"pivot":{"x":0.36131638288497927,"y":0.9403676390647888,"z":3.212095260620117},"rotation":{"x":-0.05036346614360809,"y":0.10944971442222595,"z":0.005556367337703705,"w":0.9927066564559937},"size":1.0630146265029908,"orthographic":false}